SNR; MCS; TBS; rate; err0; trials0; err1; trials1; err2; trials2; err3; trials3; dci_err
12.000000;27;15840;0.704000;502;502;0;0;0;0;0;0;0
13.000000;27;15840;0.704000;502;502;0;0;0;0;0;0;0
14.000000;27;15840;0.704000;502;502;0;0;0;0;0;0;0
15.000000;27;15840;0.704000;502;502;0;0;0;0;0;0;0
16.000000;27;15840;0.704000;502;502;0;0;0;0;0;0;0
17.000000;27;15840;0.704000;175;502;0;0;0;0;0;0;0
17.200000;27;15840;0.704000;100;823;0;0;0;0;0;0;0
17.400000;27;15840;0.704000;20;1000;0;0;0;0;0;0;0
17.600000;27;15840;0.704000;9;1000;0;0;0;0;0;0;0
